Date,Open,High,Low,Close,Adj Close,Volume,SMA(Open) 10D,SMA(High) 10D,SMA(Low) 10D,SMA(Close) 10D,SMA(Adj Close) 10D,SMA(Volume) 10D
2020-07-06,1805.000000,1858.000000,1792.099976,1851.800049,1845.862061,21697962,,,,,,
2020-07-07,1860.000000,1864.349976,1806.300049,1823.449951,1817.602905,16239990,,,,,,
2020-07-08,1824.050049,1834.949951,1790.000000,1798.000000,1792.234497,12093186,,,,,,
2020-07-09,1809.000000,1835.000000,1786.250000,1824.250000,1818.400391,16807336,,,,,,
2020-07-10,1828.500000,1884.599976,1824.250000,1878.050049,1872.027832,20195218,,,,,,
2020-07-13,1903.349976,1947.699951,1900.000000,1935.000000,1928.795166,32124262,,,,,,
2020-07-14,1934.000000,1941.699951,1887.300049,1917.000000,1910.852905,31073305,,,,,,
2020-07-15,1937.949951,1978.800049,1798.000000,1844.000000,1838.087036,64457578,,,,,,
2020-07-16,1847.000000,1869.000000,1812.449951,1843.400024,1837.489014,28133826,,,,,,
2020-07-17,1845.000000,1920.000000,1838.000000,1911.699951,1905.569824,22948894,1859.3849976,1893.4099854,1823.4650025,1862.6650024,1856.6921631,26577155.7000000
2020-07-20,1917.800049,1932.000000,1899.650024,1919.900024,1913.743652,16887635,1870.6650025,1900.8099854,1834.2200073,1869.4749999,1863.4803222,26096123.0000000
2020-07-21,1939.000000,1977.000000,1936.500000,1971.550049,1965.228027,19463004,1878.5650025,1912.0749878,1847.2400024,1884.2850097,1878.2428344,26418424.4000000
2020-07-22,1983.000000,2010.000000,1960.699951,2004.000000,1997.573975,27584518,1894.4599976,1929.5799927,1864.3099975,1904.8850097,1898.7767822,27967557.6000000
2020-07-23,2003.949951,2079.699951,1991.349976,2057.800049,2051.201416,26921017,1913.9549927,1954.0499878,1884.8199951,1928.2400146,1922.0568847,28978925.7000000
2020-07-24,2058.000000,2163.000000,2057.800049,2146.149902,2139.268066,55655668,1936.9049927,1981.8899902,1908.1750000,1955.0499999,1948.7809081,32524970.7000000
2020-07-27,2178.800049,2198.800049,2127.899902,2156.199951,2149.285889,37060665,1964.4500000,2007.0000000,1930.9649902,1977.1699950,1970.8299804,33018611.0000000
2020-07-28,2156.199951,2194.000000,2150.649902,2177.699951,2170.716797,25435297,1986.6699951,2032.2300049,1957.2999755,2003.2399901,1996.8163696,32454810.2000000
2020-07-29,2177.899902,2182.800049,2070.449951,2096.649902,2089.926758,33534147,2010.6649902,2052.6300049,1984.5449706,2028.5049803,2022.0003418,29362467.1000000
2020-07-30,2099.000000,2139.699951,2072.000000,2108.850098,2102.087891,33623699,2035.8649902,2079.7000000,2010.4999755,2055.0499877,2048.4602295,29911454.4000000
2020-07-31,2114.500000,2129.000000,2052.800049,2067.100098,2060.471680,34593133,2062.8149902,2100.6000000,2031.9799804,2070.5900024,2063.9504151,31075878.3000000
2020-08-03,2051.300049,2057.000000,2003.099976,2009.000000,2002.557861,21559142,2076.1649902,2113.1000000,2042.3249756,2079.5000000,2072.8318360,31543029.0000000
2020-08-04,2020.599976,2167.000000,2000.250000,2150.600098,2143.703857,42476932,2084.3249878,2132.1000000,2048.6999756,2097.4050049,2090.6794190,33844421.8000000
2020-08-05,2169.000000,2196.000000,2118.300049,2126.449951,2119.631348,34404810,2102.9249878,2150.7000000,2064.4599854,2109.6500000,2102.8851563,34526451.0000000
2020-08-06,2157.000000,2167.699951,2107.800049,2134.100098,2127.256836,22762545,2118.2299927,2159.5000000,2076.1049927,2117.2800049,2110.4906983,34110603.8000000
2020-08-07,2129.800049,2157.800049,2120.199951,2146.449951,2139.567139,15222303,2125.4099976,2158.9800049,2082.3449829,2117.3100098,2110.5206056,30067267.3000000
2020-08-10,2159.100098,2165.000000,2108.100098,2119.850098,2113.052490,12441573,2123.4400025,2155.6000000,2080.3650025,2113.6750245,2106.8972657,27605358.1000000
2020-08-11,2134.800049,2160.000000,2100.350098,2133.800049,2126.957764,21611256,2121.3000123,2152.2000000,2075.3350221,2109.2850343,2102.5213624,27222954.0000000
2020-08-12,2121.000000,2145.000000,2106.800049,2127.600098,2120.777832,13967116,2115.6100221,2148.4199951,2078.9700319,2112.3800539,2105.6064698,25266250.9000000
2020-08-13,2128.000000,2138.899902,2110.000000,2122.050049,2115.245361,11459190,2118.5100221,2148.3399902,2082.7700319,2113.7000490,2106.9222168,23049800.0000000
2020-08-14,2122.550049,2157.000000,2089.250000,2113.800049,2107.021973,15333164,2119.3150270,2151.1399902,2086.4150270,2118.3700441,2111.5772461,21123803.1000000
2020-08-17,2105.000000,2105.000000,2070.100098,2091.350098,2084.644043,14296834,2124.6850221,2155.9399902,2093.1150392,2126.6050539,2119.7858643,20397572.3000000
2020-08-18,2085.000000,2134.300049,2082.350098,2118.550049,2111.756592,14097746,2131.1250245,2152.6699951,2101.3250490,2123.4000490,2116.5911378,17559653.7000000
2020-08-19,2141.000000,2154.000000,2121.350098,2131.550049,2124.715088,15731396,2128.3250245,2148.4699951,2101.6300539,2123.9100588,2117.0995118,15692312.3000000
2020-08-20,2120.000000,2123.899902,2088.000000,2097.050049,2090.325684,10401212,2124.6250245,2144.0899902,2099.6500490,2120.2050539,2113.4063966,14456179.0000000
2020-08-21,2118.000000,2122.000000,2077.000000,2081.850098,2075.174316,11667129,2123.4450196,2140.5099853,2095.3300539,2113.7450686,2106.9671143,14100661.6000000
2020-08-24,2091.399902,2104.500000,2070.500000,2095.750000,2089.029785,15098991,2116.6750000,2134.4599853,2091.5700441,2111.3350588,2104.5648438,14366403.4000000
2020-08-25,2106.000000,2111.300049,2078.000000,2082.100098,2075.423584,8947563,2113.7949951,2129.5899902,2089.3350343,2106.1650637,2099.4114258,13100034.1000000
2020-08-26,2085.000000,2147.949951,2047.000000,2137.300049,2130.446533,27630190,2110.1949951,2129.8849853,2083.3550294,2107.1350588,2100.3782959,14466341.5000000
2020-08-27,2148.000000,2150.000000,2103.250000,2110.600098,2103.832275,12961252,2112.1949951,2130.9949951,2082.6800294,2105.9900637,2099.2369873,14616547.7000000
2020-08-28,2120.000000,2132.899902,2106.250000,2116.149902,2109.364258,12537520,2111.9399902,2128.5849853,2084.3800294,2106.2250490,2099.4712158,14336983.3000000
2020-08-31,2174.000000,2174.000000,2060.350098,2080.699951,2074.028076,28648125,2118.8399902,2135.4849853,2083.4050294,2105.1600343,2098.4096191,15772112.4000000
2020-09-01,2100.000000,2122.399902,2062.399902,2087.250000,2080.556885,17821397,2120.3399902,2134.2949706,2081.4100098,2102.0300294,2095.2896484,16144477.5000000
2020-09-02,2092.000000,2138.000000,2085.000000,2128.199951,2121.375732,12437162,2115.4399902,2132.6949706,2077.7750000,2101.6950196,2094.9557128,15815054.1000000
2020-09-03,2128.000000,2138.750000,2103.000000,2112.100098,2105.327393,8577634,2116.2399902,2134.1799804,2079.2750000,2103.2000245,2096.4558837,15632696.3000000
2020-09-04,2083.550049,2096.949951,2072.199951,2077.250000,2070.589111,13141644,2112.7949951,2131.6749755,2078.7949951,2102.7400147,2095.9973632,15780147.8000000
2020-09-07,2084.000000,2105.750000,2044.250000,2082.649902,2075.971680,10119064,2112.0550049,2131.7999755,2076.1699951,2101.4300049,2094.6915527,15282155.1000000
2020-09-08,2092.000000,2121.000000,2080.500000,2107.100098,2100.343506,12643749,2110.6550049,2132.7699706,2076.4199951,2103.9300049,2097.1835449,15651773.7000000
2020-09-09,2085.000000,2167.800049,2081.449951,2161.350098,2154.419434,25525961,2110.6550049,2134.7549804,2079.8649902,2106.3350098,2099.5808350,15441350.8000000
2020-09-10,2183.100098,2344.949951,2175.350098,2314.000000,2306.579834,64750460,2114.1650147,2154.2499755,2087.0750000,2126.6750000,2119.8555909,20620271.6000000
2020-09-11,2312.000000,2337.850098,2287.100098,2319.750000,2312.311523,27445768,2133.3650147,2174.7449951,2105.1600098,2147.0350098,2140.1503174,22111096.4000000
2020-09-14,2325.000000,2360.000000,2282.000000,2302.550049,2295.166748,20335273,2148.4650147,2193.3449951,2127.3250000,2169.2200196,2162.2641846,21279811.2000000
2020-09-15,2311.949951,2325.750000,2288.149902,2318.850098,2311.414551,12542824,2169.6600098,2213.6800049,2149.9000000,2192.3800294,2185.3499512,20751953.9000000
2020-09-16,2320.000000,2369.350098,2310.550049,2324.550049,2317.096191,15668979,2192.4600098,2236.8150147,2172.4550049,2212.0150392,2204.9219971,21075135.6000000
2020-09-17,2320.000000,2333.699951,2291.850098,2298.750000,2291.378906,11919927,2211.6600098,2256.3100098,2191.3400147,2230.6800294,2223.5271484,21409364.9000000
2020-09-18,2314.250000,2319.449951,2276.550049,2305.699951,2298.306396,15264068,2234.7300049,2278.5600098,2211.7750245,2253.5250245,2246.2988769,21621607.3000000
2020-09-21,2300.000000,2336.000000,2247.350098,2255.850098,2248.616455,15519031,2256.3300049,2301.5850098,2232.0850343,2270.8450441,2263.5633544,22161604.0000000
2020-09-22,2277.000000,2277.000000,2201.550049,2211.149902,2204.059570,16056620,2274.8300049,2317.1850098,2244.1900392,2281.2500245,2273.9349608,22502891.1000000
2020-09-23,2260.000000,2276.750000,2205.300049,2230.800049,2223.646729,19839282,2292.3300049,2328.0800049,2256.5750490,2288.1950196,2280.8576903,21934223.2000000
2020-09-24,2207.899902,2226.000000,2176.050049,2181.199951,2174.205811,13764841,2294.8099853,2316.1850098,2256.6450441,2274.9150147,2267.6202880,16835661.3000000
2020-09-25,2189.000000,2212.800049,2167.300049,2201.699951,2194.639893,13095028,2282.5099853,2303.6800049,2244.6650392,2263.1100098,2255.8531250,15400587.3000000
2020-09-28,2227.000000,2238.000000,2207.050049,2216.250000,2209.143311,9076248,2272.7099853,2291.4800049,2237.1700441,2254.4800049,2247.2507813,14274684.8000000
2020-09-29,2225.000000,2264.000000,2216.250000,2245.050049,2237.851074,11926328,2264.0149902,2285.3050049,2229.9800539,2247.1000000,2239.8944336,14213035.2000000
2020-09-30,2260.000000,2267.000000,2225.000000,2234.350098,2227.185303,11290667,2258.0149902,2275.0699951,2221.4250490,2238.0800049,2230.9033448,13775204.0000000
2020-10-01,2263.800049,2263.800049,2214.000000,2225.250000,2218.114502,9591456,2252.3949951,2268.0800049,2213.6400392,2230.7300049,2223.5769044,13542356.9000000
2020-10-05,2244.000000,2249.149902,2206.000000,2212.199951,2205.106201,8732869,2245.3699951,2261.0500000,2206.5850343,2221.3800049,2214.2568849,12889237.0000000
2020-10-06,2225.250000,2233.899902,2201.649902,2210.350098,2203.262451,8497216,2237.8949951,2250.8399902,2202.0150147,2216.8300049,2209.7214845,12187055.5000000
2020-10-07,2235.000000,2309.000000,2220.000000,2257.500000,2250.260986,24538346,2233.6949951,2254.0399902,2203.8600098,2221.4650147,2214.3416261,13035228.1000000
2020-10-08,2259.000000,2268.000000,2222.100098,2239.250000,2232.069580,9727405,2233.5949951,2253.1649902,2205.5400147,2222.3100098,2215.1839112,12024040.4000000
2020-10-09,2235.000000,2253.000000,2217.100098,2233.449951,2226.288086,8558745,2236.3050049,2255.8649902,2209.6450196,2227.5350098,2220.3921387,11503430.8000000
2020-10-12,2235.000000,2255.750000,2226.250000,2237.050049,2229.876709,6565515,2240.9050049,2260.1599853,2215.5400147,2231.0700196,2223.9158203,10850479.5000000
2020-10-13,2230.600098,2285.750000,2225.850098,2280.699951,2273.386719,10666190,2241.2650147,2264.9349853,2217.4200196,2237.5150147,2230.3401611,11009473.7000000
2020-10-14,2278.899902,2304.000000,2268.500000,2287.500000,2280.164795,12341434,2246.6550049,2268.9349853,2222.6450196,2241.7600098,2234.5715332,11050984.3000000
2020-10-15,2290.000000,2290.000000,2195.000000,2206.500000,2199.424561,9246702,2249.6550049,2271.2349853,2219.6450196,2238.9750000,2231.7954590,10846587.8000000
2020-10-16,2215.000000,2232.500000,2172.649902,2175.800049,2168.822998,9960828,2244.7750000,2268.1049804,2215.5100098,2234.0300049,2226.8663086,10883525.0000000
2020-10-19,2190.050049,2228.699951,2155.149902,2176.199951,2169.221680,14398973,2239.3800049,2266.0599853,2210.4250000,2230.4300049,2223.2778565,11450135.4000000
2020-10-20,2179.000000,2193.000000,2152.250000,2155.899902,2148.986816,8529573,2234.7550049,2261.9699951,2205.4850098,2224.9849853,2217.8502930,11453371.1000000
2020-10-21,2168.000000,2192.000000,2097.750000,2124.600098,2117.787354,15728986,2228.0550049,2250.2699951,2193.2600098,2211.6949951,2204.6029298,10572435.1000000
2020-10-22,2127.399902,2132.500000,2091.000000,2106.949951,2100.193848,14215215,2214.8949951,2236.7199951,2180.1500000,2198.4649902,2191.4153566,11021216.1000000
2020-10-23,2106.000000,2135.000000,2096.399902,2113.050049,2106.274414,10809307,2201.9949951,2224.9199951,2168.0799804,2186.4250000,2179.4139894,11246272.3000000
2020-10-26,2101.949951,2101.949951,2018.500000,2029.099976,2022.593384,17225212,2188.6899902,2209.5399902,2147.3049804,2165.6299927,2158.6856569,12312242.0000000
2020-10-27,2034.900024,2059.850098,2005.000000,2034.500000,2027.976196,16835005,2169.1199828,2186.9500000,2125.2199706,2141.0099976,2134.1446046,12929123.5000000
2020-10-28,2041.800049,2057.699951,2007.400024,2011.449951,2005.000000,13809929,2145.4099975,2162.3199951,2099.1099730,2113.4049927,2106.6281251,13075973.0000000
2020-10-29,1997.000000,2042.000000,1991.000000,2026.900024,2020.400513,14147418,2116.1099975,2137.5199951,2078.7099730,2095.4449951,2088.7257203,13566044.6000000
2020-10-30,2033.500000,2065.100098,2021.800049,2054.500000,2047.911987,15700946,2097.9599975,2120.7800049,2063.6249877,2083.3149902,2076.6346192,14140056.4000000
2020-11-02,2027.000000,2027.000000,1859.150024,1877.449951,1871.429688,45857806,2081.6549926,2100.6100098,2034.0249999,2053.4399902,2046.8554200,17285939.7000000
2020-11-03,1890.000000,1909.000000,1835.099976,1850.400024,1844.466553,40931170,2052.7549926,2072.2100098,2002.3099975,2022.8900024,2016.4033937,20526099.4000000
2020-11-04,1837.000000,1929.000000,1837.000000,1913.199951,1907.065063,37003111,2019.6549926,2045.9100098,1976.2349975,2001.7499877,1995.3311646,22653511.9000000
2020-11-05,1954.949951,1960.949951,1932.000000,1955.000000,1948.731079,17170274,2002.4099975,2028.7550049,1960.3349975,1986.5549926,1980.1848877,22949017.8000000
2020-11-06,1990.000000,2040.000000,1978.150024,2029.150024,2022.643311,30770080,1990.8099975,2019.2550049,1948.5100097,1978.1649901,1971.8217774,24945095.1000000
2020-11-09,2062.100098,2069.000000,2036.000000,2050.699951,2044.124146,16539467,1986.8250122,2015.9600098,1950.2600097,1980.3249876,1973.9748536,24876520.6000000
2020-11-10,2077.000000,2090.000000,2041.199951,2084.550049,2077.865723,17045147,1991.0350098,2018.9750000,1953.8800048,1985.3299925,1978.9638063,24897534.8000000
2020-11-11,2089.000000,2095.000000,1978.099976,1997.199951,1990.795654,26178477,1995.7550049,2022.7050049,1950.9500000,1983.9049925,1977.5433717,26134389.6000000
2020-11-12,1981.000000,2008.449951,1965.000000,1980.000000,1973.650879,18481466,1994.1550049,2019.3500000,1948.3500000,1979.2149901,1972.8684083,26567794.4000000
2020-11-13,1982.000000,2036.650024,1981.750000,1996.400024,1989.998291,20946864,1989.0050049,2016.5049926,1944.3449951,1973.4049925,1967.0770387,27092386.2000000
2020-11-14,2027.000000,2027.000000,1859.150024,1877.449951,1871.429688,45857806,1989.0050049,2016.5049926,1944.3449951,1973.4049925,1967.0770387,27092386.2000000
2020-11-17,2085.000000,2085.000000,1985.000000,1993.250000,1986.858398,21479385,2008.5050049,2034.1049926,1959.3349975,1987.6899901,1981.3162232,25147207.7000000
2020-11-18,1993.250000,2006.500000,1960.099976,1987.199951,1980.827759,14030652,2024.1300049,2041.8549926,1971.6449951,1995.0899901,1988.6924928,22849961.8000000
2020-11-19,1987.199951,2010.449951,1968.199951,1973.150024,1966.822876,12828008,2027.3550049,2046.8049926,1975.2649902,1996.9049925,1990.5016725,22415735.2000000
2020-11-20,1975.000000,1983.800049,1895.000000,1899.500000,1893.409058,26522972,2025.8550049,2041.1849975,1966.9499878,1983.9399901,1977.5782472,21991024.4000000
2020-11-23,1951.000000,1970.000000,1926.250000,1950.699951,1944.444824,20918665,2014.7449951,2031.2849975,1955.9749878,1973.9399901,1967.6103150,22428944.2000000
2020-11-24,1964.000000,1974.000000,1932.000000,1964.050049,1957.752075,14277083,2003.4449951,2019.6849975,1945.0549927,1961.8899901,1955.5989502,22152137.8000000
2020-11-25,1980.000000,1992.949951,1942.199951,1947.800049,1941.554199,15062376,1992.5449951,2009.4799926,1941.4649902,1956.9499999,1950.6748047,21040527.7000000
2020-11-26,1953.050049,1965.000000,1930.050049,1952.599976,1946.338745,11924527,1989.7500000,2005.1349975,1937.9699951,1954.2099975,1947.9435913,20384833.8000000
2020-11-27,1940.500000,1956.099976,1921.400024,1929.800049,1923.611938,21845931,1985.6000000,1997.0799927,1931.9349975,1947.5500000,1941.3049560,20474740.5000000
2020-12-01,1940.349976,1966.250000,1930.050049,1954.900024,1948.631470,9114939,1976.9349976,1991.0049927,1939.0250000,1955.2950073,1949.0251342,16800453.8000000
2020-12-02,1958.500000,1962.000000,1935.000000,1958.150024,1951.870972,10240168,1964.2849976,1978.7049927,1934.0250000,1951.7850097,1945.5263916,15676532.1000000
2020-12-03,1972.000000,1981.099976,1958.650024,1964.050049,1957.752075,12822945,1962.1599976,1976.1649903,1933.8800048,1949.4700195,1943.2188232,15555761.4000000
2020-12-04,1969.000000,1969.000000,1940.000000,1946.750000,1940.507568,8521388,1960.3400025,1972.0199952,1931.0600097,1946.8300171,1940.5872924,15125099.4000000
2020-12-07,1940.599976,1965.000000,1940.599976,1958.199951,1951.920776,8418767,1956.9000001,1970.1399903,1935.6200073,1952.7000122,1946.4384642,13314678.9000000
2020-12-08,1961.150024,2014.250000,1950.000000,1993.750000,1987.356812,20030506,1957.9150025,1974.5649903,1937.9950073,1957.0050171,1950.7296630,13225863.0000000
2020-12-09,2009.949951,2033.800049,1999.250000,2026.949951,2020.450317,13464375,1962.5099976,1980.5449952,1944.7200073,1963.2950073,1956.9994872,13144592.2000000
2020-12-10,2021.599976,2028.500000,2001.000000,2007.000000,2000.564331,7414229,1966.6699952,1984.1000001,1950.6000122,1969.2150024,1962.9005004,12379777.5000000
2020-12-11,2013.000000,2038.000000,1974.250000,2005.800049,1999.368286,12434745,1972.6649903,1991.4000001,1955.0200073,1974.5350097,1968.2034545,12430799.3000000
2020-12-14,2007.949951,2015.000000,1986.349976,1991.300049,1984.914673,7989830,1979.4099854,1997.2900025,1961.5150025,1980.6850097,1974.3337280,11045189.2000000
2020-12-15,1989.699951,1989.699951,1961.099976,1974.349976,1968.019043,8561406,1984.3449829,1999.6349976,1964.6199952,1982.6300049,1976.2724853,10989835.9000000
2020-12-16,1988.000000,1994.949951,1965.699951,1976.550049,1970.212036,8565904,1987.2949829,2002.9299927,1967.6899903,1984.4700074,1978.1065917,10822409.5000000
2020-12-17,1984.500000,2005.000000,1977.150024,1985.599976,1979.232910,9346460,1988.5449829,2005.3199951,1969.5399903,1986.6250001,1980.2546752,10474761.0000000
2020-12-18,1980.099976,2004.900024,1965.000000,1991.550049,1985.163940,8522215,1989.6549805,2008.9099975,1972.0399903,1991.1050050,1984.7203124,10474843.7000000
2020-12-21,2010.000000,2022.000000,1855.250000,1939.699951,1933.480103,20368545,1996.5949829,2014.6099975,1963.5049927,1989.2550050,1982.8762451,11669821.5000000
2020-12-22,1949.000000,1958.900024,1888.449951,1936.699951,1930.489746,12986606,1995.3799805,2009.0749999,1957.3499878,1983.5500001,1977.1895385,10965431.5000000
2020-12-23,1930.000000,1951.449951,1920.650024,1943.849976,1937.616821,8999898,1987.3849854,2000.8399901,1949.4899902,1975.2400026,1968.9061889,10518983.8000000
2020-12-24,1947.000000,1998.800049,1945.900024,1994.150024,1987.755615,9588577,1979.9249878,1997.8699950,1943.9799926,1973.9550050,1967.6253173,10736418.6000000
2020-12-28,2006.699951,2018.000000,1995.300049,2003.300049,1996.876221,7947719,1979.2949829,1995.8699950,1946.0849975,1973.7050050,1967.3761108,10287716.0000000
2020-12-29,2009.000000,2012.300049,1982.550049,1990.050049,1983.668701,8589407,1979.3999878,1995.5999999,1945.7050048,1973.5800050,1967.2515136,10347673.7000000
2020-12-30,1995.250000,2007.199951,1975.550049,1995.500000,1989.101196,10173132,1979.9549927,1997.3499999,1947.1500121,1975.6950074,1969.3597289,10508846.3000000
2020-12-31,1993.500000,2011.900024,1978.599976,1985.300049,1978.933960,8667516,1980.5049927,1999.0450072,1948.4400146,1976.5700074,1970.2319213,10519007.5000000
2021-01-01,1988.000000,1997.000000,1982.000000,1987.500000,1981.126831,4622002,1980.8549927,1998.2450072,1948.9250122,1976.7600098,1970.4213134,10046561.7000000
2021-01-04,1995.099976,1998.900024,1968.000000,1990.849976,1984.466064,11312992,1982.3549927,1997.6450072,1949.2250122,1976.6900025,1970.3515258,10325639.4000000
2021-01-05,1969.000000,1983.599976,1956.000000,1966.099976,1959.795410,11132803,1978.2549927,1993.8050048,1959.3000122,1979.3300050,1972.9830565,9402065.2000000
2021-01-06,1965.900024,1966.000000,1905.150024,1914.250000,1908.111694,21414270,1979.9449951,1994.5150024,1960.9700195,1977.0850099,1970.7452513,10244831.6000000
2021-01-07,1920.500000,1945.000000,1905.150024,1911.150024,1905.021729,14918406,1978.9949951,1993.8700073,1959.4200195,1973.8150147,1967.4857421,10836682.4000000
2021-01-08,1918.000000,1938.400024,1912.099976,1933.699951,1927.499268,12709792,1976.0949951,1987.8300048,1956.0400147,1967.7700074,1961.4601074,11148803.9000000
2021-01-11,1938.800049,1938.800049,1892.500000,1897.250000,1891.166260,15371556,1969.3050049,1979.9100097,1945.7600098,1957.1650025,1950.8891113,11891187.6000000
2021-01-12,1903.000000,1960.000000,1899.900024,1957.050049,1950.774536,18996047,1958.7050049,1974.6800048,1937.4950073,1953.8650025,1947.5996948,12931851.6000000
2021-01-13,1963.550049,1974.949951,1918.449951,1938.800049,1932.583130,12284876,1955.5350098,1971.4550048,1931.7849975,1948.1950074,1941.9478882,13143026.0000000
2021-01-14,1945.000000,1966.900024,1939.050049,1960.599976,1954.313110,9946818,1950.6850098,1966.9550048,1927.8300048,1945.7250001,1939.4858032,13270956.2000000
2021-01-15,1960.599976,1973.800049,1920.050049,1937.449951,1931.237305,9503790,1947.9450074,1964.6350097,1921.6350097,1940.7199952,1934.4968506,13759135.0000000
2021-01-18,1949.099976,1997.000000,1923.349976,1983.949951,1977.588257,16198856,1943.3450074,1964.4450073,1917.1700073,1940.0299927,1933.8090699,14247721.4000000
2021-01-19,1994.650024,2031.000000,1994.650024,2016.400024,2009.934204,14771048,1945.9100098,1969.1850097,1921.0350097,1945.0599975,1938.8229493,14611545.9000000
2021-01-20,2021.400024,2058.000000,2001.400024,2054.699951,2048.111328,14271669,1951.4600098,1978.3850097,1930.6600097,1959.1049926,1952.8229127,13897285.8000000
2021-01-21,2082.000000,2120.000000,2075.000000,2099.399902,2092.667969,18038987,1967.6100098,1995.8850097,1947.6450073,1977.9299804,1971.5875367,14209343.9000000
2021-01-22,2111.000000,2115.350098,2035.150024,2049.600098,2043.027832,14090818,1986.9100098,2013.5800171,1959.9500121,1989.5199951,1983.1403931,14347446.5000000
2021-01-25,2034.949951,2034.949951,1932.000000,1941.000000,1934.776001,25016570,1996.5250000,2023.1950073,1963.9000121,1993.8949951,1987.5013672,15311947.9000000
2021-01-27,1925.000000,1925.000000,1888.000000,1895.000000,1888.923462,19553809,1998.7250000,2019.6950073,1962.7100097,1987.6899902,1981.3162598,15367724.1000000
2021-01-28,1880.150024,1923.300049,1870.000000,1876.550049,1870.532715,15722291,1990.3849975,2014.5300171,1957.8650146,1981.4649902,1975.1112183,15711465.6000000
2021-01-29,1894.300049,1913.099976,1830.000000,1841.949951,1836.043579,20173258,1985.3150024,2009.1500123,1946.9600097,1969.5999877,1963.2842652,16734109.6000000
2021-02-01,1859.400024,1905.000000,1848.000000,1895.300049,1889.222534,15774504,1975.1950072,2002.2700074,1939.7550048,1965.3849975,1959.0827881,17361181.0000000
2021-02-02,1914.250000,1940.000000,1854.949951,1925.800049,1919.624756,19138414,1971.7100096,1996.5700074,1932.9150023,1959.5700073,1953.2864380,17655136.8000000
2021-02-03,1928.300049,1952.000000,1900.000000,1930.650024,1924.459229,13984228,1965.0750121,1988.6700074,1923.4499999,1950.9950073,1944.7389405,17576454.8000000
2021-02-04,1924.000000,1940.000000,1905.000000,1924.300049,1918.129517,11826848,1955.3350097,1976.8700074,1913.8099975,1937.9550171,1931.7407594,17331972.7000000
2021-02-05,1930.050049,1944.650024,1920.000000,1923.750000,1917.581299,9344470,1940.1400146,1959.3350098,1898.3099975,1920.3900269,1914.2320924,16462521.0000000
2021-02-08,1933.050049,1969.000000,1929.050049,1951.449951,1945.192383,9776136,1922.3450195,1944.7000000,1887.7000000,1910.5750122,1904.4485475,16031052.8000000
2021-02-09,1961.949951,1989.599976,1952.300049,1956.150024,1949.877441,9047308,1915.0450195,1940.1650025,1889.7300049,1912.0900146,1905.9586915,14434126.6000000
2021-02-10,1953.750000,1984.750000,1927.300049,1974.300049,1967.969238,9799560,1917.9200195,1946.1400025,1893.6600098,1920.0200195,1913.8632691,13458701.7000000
2021-02-11,1980.000000,2064.199951,1972.250000,2055.699951,2049.108154,19631870,1927.9050171,1960.2299927,1903.8850098,1937.9350097,1931.7208130,13849659.6000000
2021-02-12,2055.500000,2078.000000,2015.400024,2041.599976,2035.053345,14074374,1944.0250122,1976.7199951,1922.4250122,1957.9000122,1951.6217896,13239771.2000000
2021-02-15,2048.050049,2061.300049,2025.000000,2032.599976,2026.082275,7287590,1962.8900147,1992.3500000,1940.1250122,1971.6300049,1965.3077637,12391079.8000000
2021-02-16,2039.750000,2079.399902,2035.000000,2059.500000,2052.895996,9886093,1975.4400147,2006.2899902,1958.1300171,1985.0000000,1978.6348877,11465847.7000000
2021-02-17,2060.000000,2095.949951,2050.600098,2083.250000,2076.569824,10957388,1988.6100098,2020.6849853,1973.1900269,2000.2599976,1993.8459472,11163163.7000000
2021-02-18,2085.000000,2108.399902,2059.100098,2067.699951,2061.069580,8605531,2004.7100098,2037.5249755,1988.6000367,2014.5999878,2008.1399535,10841032.0000000
2021-02-19,2057.000000,2104.949951,2053.300049,2080.300049,2073.629395,10800704,2017.4050049,2053.5549682,2001.9300416,2030.2549927,2023.7447631,10986655.4000000
2021-02-22,2080.000000,2089.899902,1994.949951,2008.099976,2001.660767,10985697,2032.1000000,2065.6449584,2008.5200318,2035.9199952,2029.3916015,11107611.5000000
2021-02-23,2048.000000,2052.899902,2013.599976,2023.449951,2016.961548,11834752,2040.7050049,2071.9749510,2014.6500245,2042.6499879,2036.1000122,11386355.9000000
2021-02-24,2030.000000,2065.250000,2026.150024,2061.000000,2054.391113,4987735,2048.3300049,2080.0249510,2024.5350220,2051.3199830,2044.7421997,10905173.4000000
2021-02-25,2076.000000,2152.000000,2073.000000,2144.350098,2137.474121,16085897,2057.9300049,2088.8049559,2034.6100220,2060.1849977,2053.5787964,10550576.1000000
2021-02-26,2117.000000,2133.899902,2070.699951,2085.800049,2079.111816,17297575,2064.0800049,2094.3949461,2040.1400147,2064.6050050,2057.9846435,10872896.2000000
2021-03-01,2110.199951,2112.000000,2062.500000,2101.699951,2094.960693,8159670,2070.2949951,2099.4649412,2043.8900147,2071.5150025,2064.8724853,10960104.2000000
2021-03-02,2122.000000,2130.000000,2089.100098,2106.000000,2099.246826,7915073,2078.5199951,2104.5249510,2049.3000245,2076.1650025,2069.5075683,10763002.2000000
2021-03-03,2121.050049,2219.899902,2107.199951,2202.100098,2195.038818,14733134,2084.6250000,2116.9199461,2054.9600098,2088.0500123,2081.3544677,11140576.8000000
2021-03-04,2180.000000,2189.949951,2157.699951,2175.850098,2168.873047,9892597,2094.1250000,2125.0749510,2064.8199951,2098.8650270,2092.1348144,11269283.4000000
2021-03-05,2156.000000,2211.949951,2153.050049,2178.699951,2171.713623,11773630,2104.0250000,2135.7749510,2074.7949951,2108.7050172,2101.9432372,11366576.0000000
2021-03-08,2168.500000,2231.899902,2168.000000,2191.100098,2184.073975,9002404,2112.8750000,2149.9749510,2092.1000000,2127.0050294,2120.1845580,11168246.7000000
2021-03-09,2200.000000,2213.800049,2146.600098,2191.050049,2184.024170,6993792,2128.0750000,2166.0649657,2105.4000122,2143.7650392,2136.8908202,10684150.7000000
2021-03-10,2207.000000,2215.100098,2170.250000,2181.949951,2174.953369,5316182,2145.7750000,2181.0499755,2119.8100098,2155.8600343,2148.9470458,10716995.4000000
2021-03-12,2195.000000,2206.399902,2123.899902,2137.600098,2130.745605,7783173,2157.6750000,2186.4899657,2124.9000000,2155.1850343,2148.2741942,9886723.0000000
2021-03-15,2140.050049,2148.899902,2080.500000,2108.899902,2102.137451,7706170,2159.9800049,2187.9899657,2125.8800049,2157.4950196,2150.5767577,8927582.5000000
2021-03-16,2114.000000,2126.000000,2095.500000,2100.600098,2093.864258,6402757,2160.3600098,2189.3899657,2129.1800049,2157.3850343,2150.4671142,8751891.2000000
2021-03-17,2098.050049,2103.000000,2035.099976,2055.350098,2048.759277,8865521,2157.9650147,2186.6899657,2123.7799927,2152.3200441,2145.4183593,8846936.0000000
2021-03-18,2072.899902,2084.800049,2001.000000,2009.099976,2002.657593,9528809,2153.1500000,2173.1799804,2113.1599976,2133.0200319,2126.1802368,8326503.5000000
2021-03-19,1991.000000,2095.850098,1982.800049,2082.000000,2075.323730,19284892,2134.2500000,2163.7699951,2095.6700074,2123.6350221,2116.8253051,9265733.0000000
2021-03-22,2071.000000,2074.000000,2033.199951,2062.399902,2055.786621,8571196,2125.7500000,2149.9750000,2083.6849976,2112.0050172,2105.2326049,8945489.6000000
2021-03-23,2061.949951,2109.699951,2056.000000,2087.500000,2080.806152,8039865,2115.0949951,2137.7550049,2072.4849976,2101.6450074,2094.9058226,8849235.7000000
2021-03-24,2079.750000,2079.750000,2040.400024,2047.300049,2040.735107,7763726,2103.0699951,2124.3500000,2061.8649902,2087.2700074,2080.5769163,8926229.1000000
2021-03-25,2054.000000,2054.000000,1985.000000,1991.449951,1985.064087,10153757,2087.7699951,2108.2399902,2043.3399902,2068.2200074,2061.5879881,9409986.6000000
2021-03-26,2012.000000,2013.699951,1973.699951,1994.650024,1988.253906,9313160,2069.4699951,2088.9699951,2028.3199951,2053.9250000,2047.3388182,9562985.3000000
2021-03-30,2008.000000,2048.899902,1991.550049,2029.300049,2022.792847,9433842,2056.2649902,2078.9699951,2019.4250000,2045.9650147,2039.4043578,9735752.5000000
2021-03-31,2018.000000,2049.899902,1999.000000,2003.099976,1996.676758,7499740,2046.6649902,2071.3599853,2009.7750000,2036.2150025,2029.6856078,9845450.8000000
2021-04-01,2018.000000,2030.000000,2003.150024,2021.849976,2015.366699,5410307,2038.6599853,2064.0599853,2006.5800048,2032.8649903,2026.3463500,9499929.4000000
2021-04-05,2024.949951,2025.000000,1962.099976,1992.599976,1986.210449,6864856,2033.8649902,2058.0799804,2002.6900024,2031.2149903,2024.7016356,9233534.1000000
2021-04-06,2004.000000,2004.949951,1969.000000,1984.300049,1977.937134,6465241,2035.1649902,2048.9899657,2001.3099975,2021.4449952,2014.9629760,7951569.0000000
2021-04-07,2000.000000,2046.900024,1993.300049,2002.849976,1996.427612,11198918,2028.0649902,2046.2799681,1997.3200073,2015.4900026,2009.0270751,8214341.2000000
2021-04-08,2011.000000,2022.000000,1993.000000,2005.349976,1998.919556,7092878,2022.9699951,2037.5099730,1991.0200073,2007.2750002,2000.8384155,8119642.5000000
2021-04-09,1998.449951,2006.349976,1980.000000,1982.050049,1975.694336,6478482,2014.8399902,2030.1699706,1984.9800049,2000.7500002,1994.3343384,7991118.1000000
2021-04-12,1959.000000,1961.400024,1900.250000,1911.150024,1905.021729,9646031,2005.3399902,2020.9099730,1976.5050049,1992.7200075,1986.3301026,7940345.5000000
2021-04-13,1924.000000,1940.599976,1917.849976,1931.800049,1925.605469,8958261,1996.5399902,2013.5999755,1970.9200074,1986.4350100,1980.0652589,7904855.6000000
2021-04-15,1926.300049,1961.000000,1913.000000,1944.300049,1938.065430,9102492,1988.3699951,2004.8099853,1963.0650025,1977.9350100,1971.5925172,7871720.6000000
2021-04-16,1936.599976,1949.900024,1926.449951,1932.099976,1925.904541,7225679,1980.2299927,1994.8099975,1955.8099976,1970.8350100,1964.5152955,7844314.5000000
2021-04-19,1904.000000,1916.400024,1890.000000,1901.699951,1895.601929,8527967,1968.8299927,1983.4499999,1944.4949952,1958.8200075,1952.5388185,8156080.5000000
2021-04-20,1910.500000,1919.000000,1890.449951,1901.150024,1895.053833,7939490,1957.3849976,1972.8499999,1937.3299927,1949.6750123,1943.4231569,8263543.9000000
2021-04-22,1892.250000,1914.449951,1876.699951,1906.400024,1900.286987,6687573,1946.2099976,1963.7999999,1928.0999878,1941.8850098,1935.6581422,8285777.1000000
2021-04-23,1906.000000,1918.900024,1895.349976,1904.349976,1898.243408,5459016,1936.8099976,1950.9999999,1918.3049805,1932.0350098,1925.8397218,7711786.9000000
2021-04-26,1920.000000,1962.000000,1911.500000,1937.849976,1931.635986,9620785,1927.7099976,1944.9999999,1910.1549805,1925.2850098,1919.1113648,7964577.6000000
2021-04-27,1940.000000,1997.199951,1938.250000,1988.650024,1982.273193,9226547,1921.8650025,1944.0849974,1905.9799805,1925.9450073,1919.7692505,8239384.1000000
2021-04-28,1997.849976,2008.000000,1980.150024,1997.300049,1990.895508,7902002,1925.7500001,1948.7449950,1913.9699829,1934.5600098,1928.3566284,8064981.2000000
2021-04-29,2022.900024,2044.500000,2007.300049,2024.050049,2017.559692,8035915,1935.6400025,1959.1349974,1922.9149902,1943.7850098,1937.5520507,7972746.6000000
2021-04-30,2008.500000,2036.000000,1987.550049,1994.500000,1988.104370,9150974,1943.8599976,1966.6349974,1930.3699951,1948.8050049,1942.5559447,7977594.8000000
2021-05-03,1966.000000,1979.000000,1943.099976,1959.050049,1952.768188,10909942,1946.8000000,1969.5449950,1932.0349976,1951.5000122,1945.2423094,8346021.1000000
2021-05-04,1950.000000,1967.800049,1911.000000,1916.599976,1910.454224,10083693,1951.4000000,1974.6849975,1934.1349976,1952.9900147,1946.7275389,8501593.7000000
2021-05-05,1923.349976,1938.500000,1908.050049,1920.099976,1913.942993,5719649,1952.6849976,1976.6349975,1935.8950074,1954.8850099,1948.6164549,8279609.6000000
2021-05-06,1921.849976,1935.000000,1906.599976,1931.000000,1924.807983,6749281,1955.6449952,1978.6900024,1938.8850099,1957.3450075,1951.0685545,8285780.4000000
2021-05-07,1937.750000,1955.650024,1926.000000,1931.750000,1925.555664,5671163,1958.8199952,1982.3650024,1941.9500123,1960.0850099,1953.7997801,8306995.1000000
2021-05-10,1939.000000,1946.800049,1920.949951,1926.199951,1920.023438,6433879,1960.7199952,1980.8450073,1942.8950074,1958.9200074,1952.6385253,7988304.5000000
2021-05-11,1915.000000,1938.550049,1910.000000,1933.150024,1926.951172,6220217,1958.2199952,1974.9800171,1940.0700074,1953.3700074,1947.1063232,7687671.5000000
2021-05-12,1930.099976,1932.900024,1907.000000,1913.150024,1907.015259,6081627,1951.4449952,1967.4700195,1932.7550050,1944.9550049,1938.7182983,7505634.0000000
2021-05-14,1928.050049,1942.000000,1906.000000,1937.300049,1931.087891,6134079,1941.9599977,1957.2200195,1922.6250001,1936.2800049,1930.0711182,7315450.4000000
2021-05-17,1937.300049,1963.449951,1930.400024,1960.349976,1954.063843,5479424,1934.8400026,1949.9650146,1916.9099976,1932.8650025,1926.6670655,6948295.4000000
2021-05-18,1981.000000,2002.599976,1972.500000,1987.949951,1981.575317,5567958,1936.3400026,1952.3250122,1919.8500000,1935.7549927,1929.5477784,6414097.0000000
2021-05-19,1980.000000,2016.449951,1972.000000,1997.050049,1990.646240,7530294,1939.3400026,1957.1900024,1925.9500000,1943.8000000,1937.5669800,6158757.1000000
2021-05-20,1997.900024,2010.900024,1981.000000,1985.400024,1979.033569,5271497,1946.7950074,1964.4300048,1933.2449951,1950.3300048,1944.0760376,6113941.9000000
2021-05-21,1992.000000,2009.599976,1986.000000,2002.550049,1996.128662,4977555,1953.8100098,1971.8900024,1941.1849975,1957.4850097,1951.2081055,5936769.3000000
2021-05-24,2008.000000,2009.800049,1982.000000,1985.650024,1979.282837,3946636,1960.8350098,1977.3050049,1946.7849975,1962.8750121,1956.5808228,5764316.6000000
2021-05-25,1996.400024,1997.000000,1960.000000,1963.150024,1956.854980,6821015,1966.5750122,1982.3250000,1950.6900024,1966.5700194,1960.2639770,5803030.2000000
2021-05-26,1975.000000,1979.500000,1965.300049,1970.050049,1963.732910,3452113,1972.5750122,1986.4199951,1956.2200073,1970.2600219,1963.9421508,5526219.8000000
2021-05-27,1970.300049,1993.000000,1962.250000,1976.099976,1969.763428,12377100,1976.5950195,1992.4299927,1961.7450073,1976.5550171,1970.2169677,6155767.1000000
2021-05-28,1990.000000,2105.000000,1990.000000,2094.800049,2088.082764,26060864,1982.7900146,2008.7299927,1970.1450073,1992.3050171,1985.9164550,8148445.6000000
2021-05-31,2102.000000,2191.699951,2085.050049,2160.300049,2153.372803,27285782,1999.2600097,2031.5549927,1985.6100098,2012.3000244,2005.8473510,10329081.4000000
2021-06-01,2166.000000,2202.000000,2146.500000,2168.899902,2161.945068,12928379,2017.7600097,2051.4949951,2003.0100098,2030.3950195,2023.8843261,11065123.5000000
2021-06-02,2157.000000,2209.500000,2157.000000,2201.250000,2194.191406,11366816,2035.4600097,2070.8000000,2021.5100098,2050.8150146,2044.2388427,11448775.7000000
2021-06-03,2221.000000,2250.000000,2196.100098,2209.649902,2202.564453,11064116,2057.7700073,2094.7099976,2043.0200196,2073.2400024,2066.5919311,12028037.6000000
2021-06-04,2214.800049,2216.449951,2184.250000,2190.500000,2183.475830,6677278,2080.0500122,2115.3949951,2062.8450196,2092.0349975,2085.3266479,12198009.9000000
2021-06-07,2202.000000,2242.000000,2185.000000,2227.399902,2220.257568,7539326,2099.4500122,2138.6149902,2083.1450196,2116.2099853,2109.4241210,12557278.9000000
2021-06-08,2226.600098,2227.149902,2198.149902,2214.600098,2207.498779,4464889,2122.4700196,2161.6299804,2106.9600098,2141.3549927,2134.4885009,12321666.3000000
2021-06-09,2219.000000,2221.000000,2157.949951,2175.000000,2168.025635,5265326,2146.8700196,2185.7799804,2126.2250000,2161.8499878,2154.9177734,12502987.6000000
2021-06-10,2193.399902,2230.000000,2177.550049,2183.000000,2176.000000,6532832,2169.1800049,2209.4799804,2147.7550049,2182.5399902,2175.5414306,11918560.8000000
2021-06-11,2182.899902,2228.000000,2180.100098,2213.149902,2213.149902,6351520,2188.4699951,2221.7799804,2166.7650147,2194.3749755,2188.0481444,9947626.4000000
2021-06-14,2215.000000,2258.250000,2195.050049,2244.899902,2244.899902,9383416,2199.7699951,2228.4349853,2177.7650147,2202.8349608,2197.2008543,8157389.8000000
2021-06-15,2261.000000,2274.899902,2240.300049,2250.000000,2250.000000,7002898,2209.2699951,2235.7249755,2187.1450196,2210.9449706,2206.0063475,7564841.7000000
2021-06-16,2244.899902,2247.050049,2205.850098,2211.600098,2211.600098,4982975,2218.0599853,2239.4799804,2192.0300294,2211.9799804,2207.7472167,6926457.6000000
2021-06-17,2200.000000,2235.000000,2179.899902,2215.649902,2215.649902,7266765,2215.9599853,2237.9799804,2190.4100098,2212.5799804,2209.0557616,6546722.5000000
2021-06-18,2225.500000,2235.000000,2184.350098,2225.649902,2225.649902,13553801,2217.0299804,2239.8349853,2190.4200196,2216.0949706,2213.2731688,7234374.8000000
2021-06-21,2203.500000,2247.500000,2200.149902,2237.250000,2237.250000,5624044,2217.1799804,2240.3849853,2191.9350098,2217.0799804,2214.9724120,7042846.6000000
2021-06-22,2254.000000,2261.000000,2219.350098,2225.750000,2225.750000,5940386,2219.9199706,2243.7699951,2194.0550294,2218.1949706,2216.7975341,7190396.3000000
2021-06-23,2250.000000,2250.600098,2201.699951,2205.350098,2205.350098,7685796,2223.0199706,2246.7300049,2198.4300294,2221.2299804,2220.5299804,7432443.3000000
2021-06-24,2206.850098,2214.600098,2140.000000,2153.500000,2153.500000,42209687,2224.3649902,2245.1900147,2194.6750245,2218.2799804,2218.2799804,11000128.8000000
2021-06-25,2153.500000,2153.500000,2081.100098,2104.449951,2104.449951,25546334,2221.4250000,2237.7400147,2184.7750245,2207.4099853,2207.4099853,12919610.2000000
2021-06-28,2122.000000,2126.500000,2081.000000,2086.000000,2086.000000,9357852,2212.1250000,2224.5650147,2173.3700196,2191.5199951,2191.5199951,12917053.8000000
2021-06-29,2089.500000,2109.000000,2084.100098,2087.800049,2087.800049,12526981,2194.9750000,2207.9750245,2157.7500245,2175.3000000,2175.3000000,13469462.1000000
2021-06-30,2096.250000,2122.649902,2091.050049,2110.649902,2110.649902,9120556,2180.1100098,2195.5350098,2146.2700196,2165.2049804,2165.2049804,13883220.2000000
2021-07-01,2118.000000,2123.149902,2095.000000,2097.949951,2097.949951,5784627,2171.9100098,2184.3500000,2137.7800294,2153.4349853,2153.4349853,13735006.4000000
2021-07-02,2097.000000,2132.899902,2092.949951,2129.050049,2129.050049,6500973,2159.0600098,2174.1399902,2128.6400147,2143.7750000,2143.7750000,13029723.6000000
2021-07-05,2136.449951,2153.550049,2131.500000,2150.199951,2150.199951,5400604,2152.3550049,2164.7449951,2121.7750245,2135.0699951,2135.0699951,13007379.6000000
2021-07-06,2144.949951,2148.899902,2120.199951,2124.800049,2124.800049,4646312,2141.4500000,2153.5349853,2111.8600098,2124.9750000,2124.9750000,12877972.2000000
